"STATION","NAME","LATITUDE","LONGITUDE","ELEVATION","DATE","CDSD","CDSD_ATTRIBUTES","CLDD","CLDD_ATTRIBUTES","DP01","DP01_ATTRIBUTES","DP10","DP10_ATTRIBUTES","DSND","DSND_ATTRIBUTES","DSNW","DSNW_ATTRIBUTES","DT00","DT00_ATTRIBUTES","DT32","DT32_ATTRIBUTES","DX32","DX32_ATTRIBUTES","DX70","DX70_ATTRIBUTES","DX90","DX90_ATTRIBUTES","EMNT","EMNT_ATTRIBUTES","EMSD","EMSD_ATTRIBUTES","EMSN","EMSN_ATTRIBUTES","EMXP","EMXP_ATTRIBUTES","EMXT","EMXT_ATTRIBUTES","HDSD","HDSD_ATTRIBUTES","HTDD","HTDD_ATTRIBUTES","PRCP","PRCP_ATTRIBUTES","SNOW","SNOW_ATTRIBUTES","TAVG","TAVG_ATTRIBUTES","TMAX","TMAX_ATTRIBUTES","TMIN","TMIN_ATTRIBUTES"
"USC00200228","ANN ARBOR SE, MI US","42.2416","-83.6933","253.6","2004","455",,"455","0","165","0","86","0","78",,"18","0","15","0","136","0","48","0","141","0","3","0","-10","0,0125,","11",",0,0129,+","6.0",",0,1223,","2.36",",0,0522,","90","0,0723,+","6686",,"6686","0","34.57",",0","54.6",",0","47.8","0","58.2","0","37.4","0"
"USC00200228","ANN ARBOR SE, MI US","42.2416","-83.6933","253.6","2005","786",,"786","0","147","0","81","0","97",,"26","0","8","0","152","0","57","0","150","0","23","0","-8","0,0128,","11",",0,0302,+","6.0",",0,0123,","2.00",",0,1116,","94","0,0628,+","6720",,"6720","0","34.96",",0","93.4",",0","48.7","0","59.7","0","37.7","0"
"USC00200228","ANN ARBOR SE, MI US","42.2416","-83.6933","253.6","2006","574",,"574","0","173","0","91","0","19",,"5","0","0","0","139","0","22","0","138","0","10","0","2","0,0219,+","4",",0,0212,+","4.1",",0,0205,","1.86",",0,0727,","95","0,0802,+","6191",,"6191","0","44.46",",0","25.3",",0","49.7","0","60.1","0","39.3","0"
"USC00200228","ANN ARBOR SE, MI US","42.2416","-83.6933","253.6","2007","689",,"689","0","163","0","70","0","69",,"15","0","5","0","145","0","61","0","156","0","16","0","-7","0,0206,+","9",",0,1217,","7.7",",0,1216,","1.38",",0,0501,","95","0,0709,","6520",,"6520","0","34.41",",0","53.5",",0","48.8","0","59.6","0","38.0","0"
"USC00200228","ANN ARBOR SE, MI US","42.2416","-83.6933","253.6","2008","527",,"527","0","169","0","88","0","83",,"29","0","4","0","158","0","55","0","153","0","9","0","-1","0,1222,+","10",",0,1224,","8.8",",0,0101,","2.24",",0,0914,","94","0,0904,","6712",,"6712","0","38.78",",0","95.9",",0","47.4","0","58.4","0","36.4","0"
"USC00200228","ANN ARBOR SE, MI US","42.2416","-83.6933","253.6","2009","367",,"367","0","163","0","81","0","65",,"20","0","11","0","152","0","53","0","134","0","4","0","-13","0,0117,","12",",0,0130,+","5.7",",0,0111,","1.46",",0,0620,","94","0,0810,","7016",,"7016","0","37.91",",0","54.3",",0","47.1","0","58.1","0","36.1","0"
"USC00200228","ANN ARBOR SE, MI US","42.2416","-83.6933","253.6","2010","791",,"791","0","145","0","69","0","75",,"12","0","0","0","155","0","57","0","149","0","14","0","2","0,0110,","12",",0,0227,+","8.7",",0,0210,","3.53",",0,0606,","95","0,0708,","6308",,"6308","0","39.76",",0","51.1",",0","49.6","0","60.2","0","39.0","0"
"USC00200228","ANN ARBOR SE, MI US","42.2416","-83.6933","253.6","2011","758",,"758","K","176","K","93","K",,,,,"4","K","144","K","47","K","138","K","25","K","-5","K,0211,",,,,,"4.75",",K,0728,","98","K,0722,","6934",,"6934","K","51.20",",K",,,"48.8","K","59.3","K","38.3","K"
"USC00200228","ANN ARBOR SE, MI US","42.2416","-83.6933","253.6","2012","821",,"821","7","150","7","74","7",,,,,"1","7","138","7","18","7","158","7","38","7","-1","7,0120,",,,,,"1.27",",7,0316,","100","7,0718,+","5613",,"5613","7","27.58",",7",,,"51.4","7","63.1","7","39.7","7"
"USC00200228","ANN ARBOR SE, MI US","42.2416","-83.6933","253.6","2013","616",,"616","7","162","7","84","7",,,,,"2","7","158","7","57","7","146","7","14","7","-4","7,0122,",,,,,"2.93",",7,0813,","93","7,0911,+","6626",,"6626","7","40.88",",7",,,"47.6","7","57.8","7","37.4","7"
"USC00200228","ANN ARBOR SE, MI US","42.2416","-83.6933","253.6","2014","465",,"465","7","168","7","87","7",,,,,"25","7","157","7","72","7","134","7","1","7","-15","7,0107,",,,,,"1.51",",7,0911,","92","7,0906,","7659",,"7659","7","34.30",",7",,,"45.4","7","56.1","7","34.7","7"
"USC00200228","ANN ARBOR SE, MI US","42.2416","-83.6933","253.6","2015","551",,"551","7","162","7","72","7",,,,,"23","7","138","7","57","7","147","7","8","7","-18","7,0220,",,,,,"1.96",",7,0531,","92","7,0729,","7290",,"7290","7","34.73",",7",,,"48.0","7","59.0","7","37.0","7"
"USC00200228","ANN ARBOR SE, MI US","42.2416","-83.6933","253.6","2016","800",,"800","7","157","7","76","7","57",,"18","7","4","7","142","7","42","7","154","7","18","7","-4","7,0215,+","9",",7,1217,+","8.5",",7,1212,","2.19",",7,0731,","94","7,0724,","5919",,"5919","7","38.00",",7","59.7",",7","50.3","7","61.4","7","39.3","7"
"USC00200228","ANN ARBOR SE, MI US","42.2416","-83.6933","253.6","2017","587",,"587","7","174","7","81","7","41",,"14","7","3","7","127","7","41","7","156","7","10","7","-10","7,1228,","10",",7,1214,","6.8",",7,1214,","1.49",",7,0331,","92","7,0924,+","5820",,"5820","7","38.63",",7","54.5",",7","49.8","7","60.4","7","39.1","7"
"USC00200228","ANN ARBOR SE, MI US","42.2416","-83.6933","253.6","2018","851",,"851","7","169","7","87","7","57",,"22","7","5","7","160","7","38","7","148","7","18","7","-7","7,0107,","12",",7,0211,+","7.8",",7,0302,","1.84",",7,0801,","95","7,0716,+","6741",,"6741","7","40.36",",7","64.5",",7","48.6","7","58.8","7","38.5","7"
"USC00200228","ANN ARBOR SE, MI US","42.2416","-83.6933","253.6","2019","631",,"631","7","173","7","83","7","50",,"16","7","8","7","151","7","44","7","141","7","8","7","-18","7,0131,","9",",7,1112,","8.9",",7,1112,","4.08",",7,0717,","94","7,0721,","6923",,"6923","7","44.91",",7","53.6",",7","47.9","7","58.3","7","37.7","7"
"USC00200230","ANN ARBOR U OF MICH, MI US","42.29806","-83.66388","247.8","1892","563",,"563","6",,,,,,,,,"8","6","153","6","61","6","113","6","10","6","-15","6,1226,",,,,,,,"94","6,0809,+",,,,,,,,,"46.2","6","54.9","6","37.6","6"
"USC00200230","ANN ARBOR U OF MICH, MI US","42.29806","-83.66388","247.8","1893","509",,"509","6",,,,,,,,,"13","6","145","6","68","6","119","6","3","6","-11","6,0115,",,,,,,,"92","6,0810,","7404",,"7404","6",,,,,"45.3","6","54.3","6","36.3","6"
"USC00200230","ANN ARBOR U OF MICH, MI US","42.29806","-83.66388","247.8","1894","687",,"687","6",,,,,,,,,"5","6","128","6","43","6","128","6","17","6","-9","6,0224,",,,,,,,"97","6,0719,","6457",,"6457","6",,,,,"48.5","6","57.5","6","39.4","6"
"USC00200230","ANN ARBOR U OF MICH, MI US","42.29806","-83.66388","247.8","1895","796",,"796","6",,,,,,,,,"15","6","150","6","68","6","136","6","22","6","-10","6,0205,",,,,,,,"94","6,0707,+","7286",,"7286","6",,,,,"46.5","6","56.7","6","36.4","6"
"USC00200230","ANN ARBOR U OF MICH, MI US","42.29806","-83.66388","247.8","1896","614",,"614","6",,,,,,,,,"7","6","143","6","56","6","135","6","4","6","-7","6,1223,",,,,,,,"93","6,0808,","6369",,"6369","6",,,,,"47.9","6","56.6","6","39.2","6"
"USC00200230","ANN ARBOR U OF MICH, MI US","42.29806","-83.66388","247.8","1897","666",,"666","0","117","0","82","0",,,,,"7","0","140","0","55","0","136","0","22","0","-16","0,0124,",,,,,"1.55",",0,1109,","102","0,0709,","7245",,"7245","0","32.66",",0",,,"47.5","0","58.0","0","37.0","0"
"USC00200230","ANN ARBOR U OF MICH, MI US","42.29806","-83.66388","247.8","1898","835",,"835","0","120","0","76","0",,,,,"3","0","135","0","47","0","144","0","30","0","-6","0,0203,+",,,,,"2.22",",0,1004,","100","0,0823,","6252",,"6252","0","32.90",",0",,,"48.9","0","59.2","0","38.5","0"
"USC00200230","ANN ARBOR U OF MICH, MI US","42.29806","-83.66388","247.8","1899","762",,"762","0","103","0","59","0",,,,,"16","0","138","0","56","0","155","0","31","0","-16","0,0213,+",,,,,"1.39",",0,1104,","99","0,0819,","6664",,"6664","0","26.86",",0",,,"48.2","0","58.7","0","37.8","0"
"USC00200230","ANN ARBOR U OF MICH, MI US","42.29806","-83.66388","247.8","1900","862",,"862","0","114","0","67","0",,,,,"18","0","149","0","51","0","164","0","26","0","-7","0,0217,+",,,,,"2.10",",0,0531,","98","0,0805,","6785",,"6785","0","28.58",",0",,,"48.8","0","59.3","0","38.2","0"
"USC00200230","ANN ARBOR U OF MICH, MI US","42.29806","-83.66388","247.8","1901","848",,"848","0","120","0","55","0",,,,,"14","0","159","0","62","0","139","0","32","0","-11","0,1221,",,,,,"1.80",",0,1012,","97","0,0720,+","6734",,"6734","0","25.87",",0",,,"47.2","0","57.5","0","36.9","0"
"USC00200230","ANN ARBOR U OF MICH, MI US","42.29806","-83.66388","247.8","1902","472",,"472","0","132","0","82","0",,,,,"9","0","133","0","59","0","126","0","2","0","-7","0,0205,",,,,,"2.45",",0,0707,","91","0,0704,","6900",,"6900","0","40.04",",0",,,"47.7","0","57.6","0","37.7","0"
"USC00200230","ANN ARBOR U OF MICH, MI US","42.29806","-83.66388","247.8","1903","430",,"430","0","144","0","81","0",,,,,"9","0","146","0","60","0","130","0","5","0","-10","0,0217,",,,,,"1.59",",0,0718,","92","0,0709,+","6454",,"6454","0","36.89",",0",,,"46.9","0","56.8","0","37.0","0"
"USC00200230","ANN ARBOR U OF MICH, MI US","42.29806","-83.66388","247.8","1904","466",,"466","0","134","0","61","0",,,,,"21","0","157","0","83","0","129","0","5","0","-12","0,0216,",,,,,"1.04",",0,0926,+","97","0,0718,+","7764",,"7764","0","27.55",",0",,,"45.0","0","54.8","0","35.2","0"
"USC00200230","ANN ARBOR U OF MICH, MI US","42.29806","-83.66388","247.8","1905","594",,"594","0","127","0","65","0",,,,,"14","0","157","0","60","0","143","0","8","0","-10","0,0215,+",,,,,"2.30",",0,0606,","93","0,0812,+","7146",,"7146","0","36.61",",0",,,"47.3","0","57.0","0","37.6","0"
"USC00200230","ANN ARBOR U OF MICH, MI US","42.29806","-83.66388","247.8","1906","781",,"781","0","123","0","76","0",,,"7","0","5","0","141","0","51","0","146","0","18","0","-4","0,0207,+",,,"4.2",",0,0319,","1.56",",0,0514,","95","0,0722,","6543",,"6543","0","31.57",",0","19.4",",0","49.1","0","58.7","0","39.5","0"
"USC00200230","ANN ARBOR U OF MICH, MI US","42.29806","-83.66388","247.8","1907","458",,"458","0","122","0","78","0",,,,,"8","0","168","0","54","0","103","0","1","0","-9","0,0222,",,,,,"1.74",",0,0711,","91","0,0618,","7244",,"7244","0","31.41",",0",,,"45.3","0","54.2","0","36.4","0"
"USC00200230","ANN ARBOR U OF MICH, MI US","42.29806","-83.66388","247.8","1908","656",,"656","0","91","0","63","0",,,,,"6","0","149","0","55","0","149","0","18","0","-8","0,0130,",,,,,"1.86",",0,0812,","97","0,0803,","6939",,"6939","0","31.04",",0",,,"48.2","0","58.1","0","38.3","0"
"USC00200230","ANN ARBOR U OF MICH, MI US","42.29806","-83.66388","247.8","1909","482",,"482","0","111","0","58","0",,,,,"5","0","154","0","47","0","124","0","6","0","-8","0,0201,",,,,,"2.12",",0,1122,","95","0,0825,","6664",,"6664","0","28.13",",0",,,"47.2","0","56.7","0","37.7","0"
"USC00200230","ANN ARBOR U OF MICH, MI US","42.29806","-83.66388","247.8","1910","604",,"604","0","125","0","70","0",,,,,"4","0","144","0","62","0","131","0","11","0","-2","0,1225,+",,,,,"1.51",",0,0502,","96","0,0709,","6848",,"6848","0","25.92",",0",,,"47.6","0","57.1","0","38.0","0"
"USC00200230","ANN ARBOR U OF MICH, MI US","42.29806","-83.66388","247.8","1911","799",,"799","0","128","0","72","0",,,,,"1","0","153","0","39","0","134","0","25","0","-1","0,0104,",,,,,"1.84",",0,1001,","101","0,0705,","6809",,"6809","0","29.17",",0",,,"48.9","0","58.1","0","39.7","0"
"USC00200230","ANN ARBOR U OF MICH, MI US","42.29806","-83.66388","247.8","1912","574",,"574","0","122","0","71","0",,,,,"19","0","148","0","74","0","129","0","7","0","-21","0,0210,",,,,,"1.03",",0,0819,","92","0,0910,+","7501",,"7501","0","29.11",",0",,,"45.8","0","55.1","0","36.6","0"
"USC00200230","ANN ARBOR U OF MICH, MI US","42.29806","-83.66388","247.8","1913","715",,"715","0","104","0","59","0",,,,,"3","0","129","0","44","0","136","0","25","0","-3","0,0205,",,,,,"1.81",",0,0515,","99","0,0902,","6490",,"6490","0","26.60",",0",,,"49.1","0","59.0","0","39.2","0"
"USC00200230","ANN ARBOR U OF MICH, MI US","42.29806","-83.66388","247.8","1914","685",,"685","0","109","0","63","0",,,,,"18","0","146","0","63","0","135","0","16","0","-11","0,0213,+",,,,,"1.82",",0,0511,","95","0,0722,","6718",,"6718","0","32.88",",0",,,"47.3","0","56.8","0","37.8","0"
"USC00200230","ANN ARBOR U OF MICH, MI US","42.29806","-83.66388","247.8","1915","366",,"366","0","126","0","61","0",,,,,"5","0","141","0","58","0","115","0","1","0","-11","0,0130,",,,,,"1.48",",0,0812,","90","0,0716,","6953",,"6953","0","28.20",",0",,,"47.0","0","55.7","0","38.2","0"
"USC00200230","ANN ARBOR U OF MICH, MI US","42.29806","-83.66388","247.8","1916","696",,"696","0","153","0","80","0",,,,,"7","0","143","0","70","0","126","0","18","0","-9","0,0214,",,,,,"1.33",",0,0905,","98","0,0730,","7012",,"7012","0","36.55",",0",,,"47.3","0","56.4","0","38.1","0"
"USC00200230","ANN ARBOR U OF MICH, MI US","42.29806","-83.66388","247.8","1917","358",,"358","0","112","0","70","0",,,,,"17","0","154","0","64","0","103","0","5","0","-16","0,0212,",,,,,"2.93",",0,0623,","99","0,0801,","7366",,"7366","0","42.06",",0",,,"44.2","0","53.1","0","35.3","0"
"USC00200230","ANN ARBOR U OF MICH, MI US","42.29806","-83.66388","247.8","1918","649",,"649","0","119","0","74","0",,,,,"15","0","136","0","48","0","135","0","18","0","-19","0,0205,+",,,,,"2.32",",0,0219,","104","0,0806,","7555",,"7555","0","36.74",",0",,,"47.6","0","57.6","0","37.6","0"
"USC00200230","ANN ARBOR U OF MICH, MI US","42.29806","-83.66388","247.8","1919","762",,"762","0","126","0","73","0",,,,,"4","0","140","0","50","0","139","0","14","0","-1","0,1218,+",,,,,"2.29",",0,1129,","95","0,0726,","6407",,"6407","0","35.38",",0",,,"48.9","0","58.5","0","39.2","0"
"USC00200230","ANN ARBOR U OF MICH, MI US","42.29806","-83.66388","247.8","1920","451",,"451","0","114","0","74","0",,,,,"12","0","143","0","71","0","137","0","3","0","-9","0,0125,",,,,,"2.15",",0,0620,","93","0,0723,","7385",,"7385","0","34.28",",0",,,"46.8","0","56.3","0","37.4","0"
"USC00200230","ANN ARBOR U OF MICH, MI US","42.29806","-83.66388","247.8","1921","828",,"828","0","127","0","76","0",,,"12","0","0","0","139","0","38","0","145","0","9","0","5","0,0118,",,,"6.9",",0,0226,","1.90",",0,0627,","100","0,0617,","5867",,"5867","0","33.05",",0","38.7",",0","50.7","0","60.0","0","41.4","0"
"USC00200230","ANN ARBOR U OF MICH, MI US","42.29806","-83.66388","247.8","1922","659",,"659","0","125","0","65","0",,,"9","0","5","0","142","0","52","0","142","0","9","0","-9","0,0125,",,,"6.6",",0,1214,","1.53",",0,0411,","93","0,0908,+","6422",,"6422","0","26.17",",0","25.6",",0","49.1","0","58.5","0","39.7","0"
"USC00200230","ANN ARBOR U OF MICH, MI US","42.29806","-83.66388","247.8","1923","546",,"546","0","128","0","74","0",,,"26","0","3","0","149","0","44","0","129","0","6","0","-3","0,0117,",,,"5.5",",0,0223,+","1.85",",0,0808,","94","0,0623,","6942",,"6942","0","31.74",",0","82.8",",0","47.4","0","56.8","0","38.0","0"
"USC00200230","ANN ARBOR U OF MICH, MI US","42.29806","-83.66388","247.8","1924","372",,"372","0","127","0","69","0",,,,,"11","0","143","0","66","0","113","0","4","0","-11","0,1225,",,,,,"1.45",",0,0624,","94","0,0831,","7020",,"7020","0","26.56",",0",,,"45.9","0","54.9","0","36.9","0"
"USC00200230","ANN ARBOR U OF MICH, MI US","42.29806","-83.66388","247.8","1925","694",,"694","0","129","0","70","0",,,,,"4","0","150","0","51","0","130","0","12","0","-11","0,0128,",,,,,"1.32",",0,0927,","95","0,0830,+","6730",,"6730","0","32.76",",0",,,"47.7","0","57.3","0","38.2","0"
"USC00200230","ANN ARBOR U OF MICH, MI US","42.29806","-83.66388","247.8","1926","497",,"497","0","145","0","77","0",,,,,"3","0","162","0","67","0","122","0","6","0","-6","0,0129,",,,,,"2.09",",0,0801,","97","0,0721,","7519",,"7519","0","33.67",",0",,,"46.0","0","54.7","0","37.3","0"
"USC00200230","ANN ARBOR U OF MICH, MI US","42.29806","-83.66388","247.8","1927","430",,"430","0","129","0","73","0",,,,,"4","0","127","0","43","0","123","0","7","0","-9","0,0115,",,,,,"1.40",",0,0715,","92","0,0915,+","6754",,"6754","0","33.39",",0",,,"48.8","0","57.7","0","40.0","0"
"USC00200230","ANN ARBOR U OF MICH, MI US","42.29806","-83.66388","247.8","1928","498",,"498","0","119","0","63","0",,,,,"3","0","138","0","36","0","119","0","1","0","-4","0,0130,",,,,,"1.73",",0,0719,","91","0,0803,","6592",,"6592","0","26.61",",0",,,"48.0","0","56.6","0","39.4","0"
"USC00200230","ANN ARBOR U OF MICH, MI US","42.29806","-83.66388","247.8","1929",,,,,"137","0","77","0",,,,,"6","0","124","0",,,,,,,"-20","0,0220,",,,,,"2.67",",0,1022,",,,,,,,"31.94",",0",,,,,,,"37.8","0"
"USC00200230","ANN ARBOR U OF MICH, MI US","42.29806","-83.66388","247.8","1930","847",,"847","0","110","0","46","0",,,,,"5","0","141","0","53","0","149","0","20","0","-9","0,0118,",,,,,"1.76",",0,0925,","101","0,0720,+","6607",,"6607","0","22.02",",0",,,"49.6","0","58.9","0","40.3","0"
"USC00200230","ANN ARBOR U OF MICH, MI US","42.29806","-83.66388","247.8","1931",,,,,"106","0","62","0","34",,"11","0","0","0","123","0",,,,,,,"6","0,0121,","9",",0,0310,+","15.0",",0,0318,","1.54",",0,1112,",,,"6310",,"6310","0","24.44",",0","46.5",",0",,,,,"42.9","0"
"USC00200230","ANN ARBOR U OF MICH, MI US","42.29806","-83.66388","247.8","1932","679",,"679","0","121","0","73","0",,,"6","0","1","0","135","0","36","0","138","0","9","0","-2","0,1216,",,,"3.5",",0,1116,+","2.33",",0,0903,","97","0,0721,+",,,,,"35.76",",0","22.6",",0","49.3","0","58.3","0","40.2","0"
"USC00200230","ANN ARBOR U OF MICH, MI US","42.29806","-83.66388","247.8","1933",,,,,"105","0","58","0","30",,"7","0","6","0","137","0","32","0","134","0","28","0","-13","0,0210,","5",",0,0325,+","5.0",",0,0325,","1.83",",0,0630,","99","0,0723,",,,,,"24.30",",0","23.8",",0","50.1","0","59.1","0","41.0","0"
"USC00200230","ANN ARBOR U OF MICH, MI US","42.29806","-83.66388","247.8","1934",,,,,"110","0","61","0","51",,"11","0","8","0","137","0",,,,,,,"-17","0,0209,","11",",0,0327,","5.6",",0,0327,","1.29",",0,0327,",,,,,,,"18.96",",0","35.3",",0",,,,,"39.8","0"
"USC00200230","ANN ARBOR U OF MICH, MI US","42.29806","-83.66388","247.8","1935","679",,"679","0","142","0","63","0",,,"7","0","1","0","129","0","56","0","115","0","10","0","0","0,0127,",,,"3.7",",0,0205,","1.80",",0,0802,","95","0,0801,+","6252",,"6252","0","25.87",",0","22.4",",0","48.0","0","56.4","0","39.6","0"
"USC00200230","ANN ARBOR U OF MICH, MI US","42.29806","-83.66388","247.8","1936","875",,"875","0","116","0","60","0","63",,"10","0","16","0","144","0","56","0","139","0","27","0","-10","0,0209,","12",",0,0220,+","10.0",",0,0406,+","1.15",",0,0602,","103","0,0714,+","7139",,"7139","0","24.41",",0","47.4",",0","48.3","0","58.0","0","38.6","0"
"USC00200230","ANN ARBOR U OF MICH, MI US","42.29806","-83.66388","247.8","1937","705",,"705","0","123","0","75","0","42",,"6","0","0","0","148","0","49","0","121","0","10","0","1","0,0123,","5",",0,1221,+","3.5",",0,0122,","1.84",",0,0715,","92","0,0710,+","6410",,"6410","0","35.33",",0","17.7",",0","48.4","0","57.1","0","39.8","0"
"USC00200230","ANN ARBOR U OF MICH, MI US","42.29806","-83.66388","247.8","1938","742",,"742","0","133","0","68","0","56",,"8","0","1","0","129","0","43","0","151","0","9","0","-1","0,0128,","4",",0,1229,+","2.8",",0,1226,","1.22",",0,0316,","92","0,0814,+","6236",,"6236","0","27.18",",0","21.4",",0","50.8","0","60.2","0","41.4","0"
"USC00200230","ANN ARBOR U OF MICH, MI US","42.29806","-83.66388","247.8","1939","940",,"940","0","127","0","63","0","39",,"9","0","0","0","142","0","45","0","155","0","18","0","2","0,0126,+","12",",0,0130,","6.2",",0,0130,","1.81",",0,0219,","98","0,0915,","6177",,"6177","0","26.56",",0","32.2",",0","50.3","0","59.7","0","40.9","0"
"USC00200230","ANN ARBOR U OF MICH, MI US","42.29806","-83.66388","247.8","1940","714",,"714","0","156","0","83","0","74",,"20","0","2","0","143","0","64","0","125","0","15","0","-12","0,0119,","7",",0,0210,+","4.3",",0,0327,","1.22",",0,1216,","99","0,0724,","6889",,"6889","0","32.87",",0","45.7",",0","47.4","0","55.8","0","39.1","0"
"USC00200230","ANN ARBOR U OF MICH, MI US","42.29806","-83.66388","247.8","1941","869",,"869","0","133","0","69","0","34",,"8","0","0","0","128","0","54","0","152","0","17","0","6","0,0317,","3",",0,1213,+","3.5",",0,0311,","1.21",",0,0825,","99","0,0727,+","6366",,"6366","0","27.91",",0","22.5",",0","50.6","0","59.7","0","41.6","0"
"USC00200230","ANN ARBOR U OF MICH, MI US","42.29806","-83.66388","247.8","1942","722",,"722","0","138","0","75","0","57",,"9","0","7","0","145","0","52","0","143","0","7","0","-9","0,0108,","7",",0,1218,","4.2",",0,0215,","1.82",",0,0606,","95","0,0718,","5991",,"5991","0","36.97",",0","29.3",",0","49.0","0","58.0","0","40.1","0"
"USC00200230","ANN ARBOR U OF MICH, MI US","42.29806","-83.66388","247.8","1943","735",,"735","0","116","0","71","0","43",,"9","0","6","0","146","0","50","0","130","0","7","0","-11","0,0120,","14",",0,0121,","4.8",",0,0306,","2.59",",0,0511,","94","0,0901,+","6741",,"6741","0","36.06",",0","29.9",",0","47.9","0","57.1","0","38.6","0"
"USC00200230","ANN ARBOR U OF MICH, MI US","42.29806","-83.66388","247.8","1944","916",,"916","0","122","0","71","0","36",,"8","0","0","0","139","0","51","0","143","0","20","0","1","0,0213,","9",",0,1229,+","5.5",",0,1211,","2.14",",0,0623,","97","0,0814,","6707",,"6707","0","27.06",",0","30.3",",0","49.6","0","58.4","0","40.7","0"
"USC00200230","ANN ARBOR U OF MICH, MI US","42.29806","-83.66388","247.8","1945","583",,"583","0","144","0","73","0","70",,"2","0","3","0","121","0","61","0","122","0","2","0","-5","0,0102,","12",",0,0210,+","3.0",",0,1213,","1.59",",0,0331,","91","0,0830,+","6271",,"6271","0","36.55",",0","12.8",",0","48.3","0","56.8","0","39.8","0"
"USC00200230","ANN ARBOR U OF MICH, MI US","42.29806","-83.66388","247.8","1946","493",,"493","0","104","0","58","0","17",,"4","0","2","0","112","0","28","0","136","0","2","0","-2","0,0127,","3",",0,0226,","2.8",",0,0226,","1.37",",0,0618,","96","0,0719,","6025",,"6025","0","23.71",",0","10.2",",0","50.1","0","60.3","0","40.0","0"
"USC00200230","ANN ARBOR U OF MICH, MI US","42.29806","-83.66388","247.8","1947","699",,"699","0","97","0","63","0",,,"6","0","2","0","153","0","62","0","129","0","14","0","-2","0,0208,",,,"3.5",",0,0101,","2.40",",0,0820,","94","0,0818,+","6577",,"6577","0","25.60",",0","18.7",",0","47.5","0","56.0","0","39.0","0"
"USC00200230","ANN ARBOR U OF MICH, MI US","42.29806","-83.66388","247.8","1948","691",,"691","0","93","0","66","0","50",,"5","0","4","0","125","0","60","0","122","0","7","0","-8","0,0123,","4",",0,0305,+","2.0",",0,0303,+","1.56",",0,0510,","97","0,0827,","6649",,"6649","0","29.31",",0","11.3",",0","48.9","0","57.4","0","40.4","0"
"USC00200230","ANN ARBOR U OF MICH, MI US","42.29806","-83.66388","247.8","1949","884",,"884","0","95","0","68","0","18",,"5","0","0","0","130","0","34","0","144","0","19","0","2","0,0130,","6",",0,0204,","5.0",",0,1125,+","2.10",",0,0331,","95","0,0704,+","5966",,"5966","0","33.72",",0","16.3",",0","50.8","0","60.2","0","41.4","0"
"USC00200230","ANN ARBOR U OF MICH, MI US","42.29806","-83.66388","247.8","1950",,,,,"114","0","73","0",,,,,,,,,,,,,,,,,,,,,"1.91",",0,0811,",,,"6298",,"6298","0","37.02",",0",,,,,,,,
"USC00200230","ANN ARBOR U OF MICH, MI US","42.29806","-83.66388","247.8","1951","507",,"507","0","110","0","80","0","54",,"16","0","7","0","136","0","46","0","142","0","1","0","-9","0,1217,+","16",",0,1227,+","7.0",",0,1107,","2.85",",0,0722,","92","0,0831,",,,,,"34.89",",0","54.4",",0","48.1","0","56.9","0","39.2","0"
"USC00200230","ANN ARBOR U OF MICH, MI US","42.29806","-83.66388","247.8","1952","870",,"870","0","110","0","63","0","34",,"9","0","0","0","129","0","31","0","136","0","27","0","6","0,0129,","7",",0,0105,","4.3",",0,0105,","1.48",",0,1117,","95","0,0616,","6485",,"6485","0","27.54",",0","27.2",",0","50.6","0","59.7","0","41.6","0"
"USC00200230","ANN ARBOR U OF MICH, MI US","42.29806","-83.66388","247.8","1953",,,,,"110","0","58","0","29",,"7","0","0","0","118","0","27","0","150","0","22","0","5","0,0218,","3",",0,0113,+","2.0",",0,0111,","1.63",",0,0626,","98","0,0902,","5941",,"5941","0","24.61",",0","19.2",",0","51.4","0","60.8","0","42.0","0"
"USC00200230","ANN ARBOR U OF MICH, MI US","42.29806","-83.66388","247.8","1956","712",,"712","0","125","0","84","0","57",,"8","0","0","0","138","0","28","0","136","0","10","0","5","0,0124,+","8",",0,0324,","3.7",",0,0130,","2.35",",0,0429,","99","0,0613,",,,,,"28.09",",0","28.9",",0","49.4","0","59.1","0","39.7","0"
"USC00200230","ANN ARBOR U OF MICH, MI US","42.29806","-83.66388","247.8","1957","710",,"710","0","98","0","77","0","44",,"8","0","1","0","135","0","36","0","145","0","13","0","-7","0,0117,","8",",0,0110,","8.0",",0,0110,","1.47",",0,0708,","95","0,0617,","6076",,"6076","0","34.37",",0","27.7",",0","49.7","0","59.1","0","40.4","0"
"USC00200230","ANN ARBOR U OF MICH, MI US","42.29806","-83.66388","247.8","1958","560",,"560","0","98","0","61","0","51",,"6","0","2","0","131","0","47","0","150","0","2","0","-7","0,0217,","5",",0,1216,+","3.0",",0,1208,+","2.01",",0,0806,","92","0,0803,","6252",,"6252","0","22.39",",0","17.8",",0","48.7","0","58.3","0","39.0","0"
"USC00200230","ANN ARBOR U OF MICH, MI US","42.29806","-83.66388","247.8","1959","974",,"974","0","113","0","67","0",,,,,"3","0","141","0","37","0","149","0","20","0","-3","0,0105,",,,,,"2.38",",0,1006,","94","0,0908,","6500",,"6500","0","35.46",",0",,,"50.1","0","59.8","0","40.3","0"
"USC00200230","ANN ARBOR U OF MICH, MI US","42.29806","-83.66388","247.8","1960","601",,"601","0","115","0","60","0","58",,"15","0","4","0","144","0","66","0","152","0","6","0","-12","0,1222,","10",",0,0304,+","3.5",",0,0226,+","2.21",",0,0701,","98","0,0908,","6542",,"6542","0","28.32",",0","31.9",",0","48.3","0","58.1","0","38.6","0"
"USC00200230","ANN ARBOR U OF MICH, MI US","42.29806","-83.66388","247.8","1962","827",,"827","0","112","0","65","0","80",,"14","0","9","0","141","0","50","0","154","0","15","0","-6","0,0110,","10",",0,1213,+","5.0",",0,1207,","1.58",",0,0914,","95","0,0609,","6214",,"6214","0","25.55",",0","38.3",",0","49.5","0","59.2","0","39.8","0"
"USC00200230","ANN ARBOR U OF MICH, MI US","42.29806","-83.66388","247.8","1963","732",,"732","0","76","0","41","0","79",,"9","0","16","0","124","0","60","0","166","0","15","0","-14","0,0124,","7",",0,0127,+","4.0",",0,1212,","1.26",",0,0714,","96","0,0701,","6508",,"6508","0","16.84",",0","22.2",",0","49.4","0","59.8","0","39.1","0"
"USC00200230","ANN ARBOR U OF MICH, MI US","42.29806","-83.66388","247.8","1966",,,,,"86","0","60","0","53",,"10","0",,,,,,,,,,,,,"10",",0,1103,","7.5",",0,1103,","1.68",",0,0512,",,,,,,,"26.81",",0","35.2",",0",,,,,,
"USC00200230","ANN ARBOR U OF MICH, MI US","42.29806","-83.66388","247.8","1967","693",,"693","0","110","0","73","0",,,,,"4","0","123","0","45","0","137","0","3","0","-6","0,0119,",,,,,"2.15",",0,1221,","92","0,0616,+",,,,,"33.61",",0",,,"49.4","0","58.2","0","40.5","0"
"USC00200230","ANN ARBOR U OF MICH, MI US","42.29806","-83.66388","247.8","1968","813",,"813","0","103","0","67","0",,,"8","0","5","0","113","0","46","0","139","0","13","0","-4","0,0101,",,,"8.0",",0,0323,","3.29",",0,0626,","93","0,0823,","6158",,"6158","0","39.24",",0","22.5",",0","50.4","0","59.2","0","41.6","0"
"USC00200230","ANN ARBOR U OF MICH, MI US","42.29806","-83.66388","247.8","1969","817",,"817","0","120","0","64","0",,,"6","0","2","0","128","0","38","0","140","0","8","0","-3","0,0101,",,,"3.4",",0,1231,","1.31",",0,0719,","93","0,0627,","6142",,"6142","0","31.83",",0","20.5",",0","50.2","0","59.0","0","41.5","0"
"USC00200230","ANN ARBOR U OF MICH, MI US","42.29806","-83.66388","247.8","1970","924",,"924","0","134","0","83","0",,,"19","0","6","0","127","0","48","0","150","0","3","0","-7","0,0122,+",,,"4.0",",0,0209,","1.38",",0,0613,","92","0,0702,+","6368",,"6368","0","30.92",",0","44.4",",0","50.4","0","59.3","0","41.6","0"
"USC00200230","ANN ARBOR U OF MICH, MI US","42.29806","-83.66388","247.8","1971","888",,"888","0","114","0","59","0","42",,"15","0","5","0","132","0","40","0","159","0","12","0","-7","0,0202,+","5",",0,0310,+","3.0",",0,0307,","3.94",",0,0927,","97","0,0627,","6323",,"6323","0","23.98",",0","29.2",",0","50.8","0","60.1","0","41.4","0"
"USC00200230","ANN ARBOR U OF MICH, MI US","42.29806","-83.66388","247.8","1972","723",,"723","0","145","0","76","0","51",,"16","0","6","0","140","0","42","0","138","0","6","0","-14","0,0116,","4",",0,1218,+","6.0",",0,1114,","1.11",",0,0416,","93","0,0723,+","6043",,"6043","0","28.91",",0","40.2",",0","48.6","0","57.3","0","40.0","0"
"USC00200230","ANN ARBOR U OF MICH, MI US","42.29806","-83.66388","247.8","1973","861",,"861","0","134","0","69","0","51",,"13","0","2","0","107","0","37","0","145","0","12","0","-6","0,0217,","13",",0,0318,","12.4",",0,0317,","1.51",",0,0317,","94","0,0903,+","6032",,"6032","0","35.98",",0","43.5",",0","51.7","0","60.4","0","43.0","0"
"USC00200230","ANN ARBOR U OF MICH, MI US","42.29806","-83.66388","247.8","1974","682",,"682","0","143","0","69","0","77",,"18","0","0","0","136","0","40","0","141","0","7","0","1","0,0108,","16",",0,1201,","15.8",",0,1201,","1.22",",0,1201,","94","0,0714,","6025",,"6025","0","27.86",",0","65.7",",0","49.4","0","58.3","0","40.5","0"
"USC00200230","ANN ARBOR U OF MICH, MI US","42.29806","-83.66388","247.8","1975","697",,"697","0","139","0","84","0","63",,"15","0","1","0","142","0","40","0","136","0","5","0","-5","0,0210,","9",",0,1227,+","6.5",",0,1226,","3.73",",0,0830,","95","0,0801,+","6438",,"6438","0","37.13",",0","46.2",",0","49.3","0","58.4","0","40.1","0"
"USC00200230","ANN ARBOR U OF MICH, MI US","42.29806","-83.66388","247.8","1976","689",,"689","0","128","0","63","0","74",,"15","0","12","0","158","0","59","0","144","0","9","0","-10","0,0118,","13",",0,0207,+","3.8",",0,0113,","1.70",",0,0506,","95","0,0715,+","6257",,"6257","0","27.42",",0","42.1",",0","47.8","0","58.1","0","37.5","0"
"USC00200230","ANN ARBOR U OF MICH, MI US","42.29806","-83.66388","247.8","1977","694",,"694","0","158","0","81","0","92",,"17","0","16","0","126","0","67","0","145","0","9","0","-10","0,0129,+","11",",0,0110,","7.2",",0,0318,","1.87",",0,0719,","96","0,0715,","7152",,"7152","0","35.38",",0","59.8",",0","48.5","0","57.8","0","39.1","0"
"USC00200230","ANN ARBOR U OF MICH, MI US","42.29806","-83.66388","247.8","1978","729",,"729","0","146","0","75","0","94",,"18","0","8","0","150","0","75","0","130","0","9","0","-3","0,0115,","20",",0,0126,","11.6",",0,0126,","1.82",",0,0621,","94","0,0908,","7361",,"7361","0","30.09",",0","64.8",",0","47.0","0","56.6","0","37.5","0"
"USC00200230","ANN ARBOR U OF MICH, MI US","42.29806","-83.66388","247.8","1979","552",,"552","0","159","0","77","0","73",,"10","0","11","0","140","0","63","0","135","0","2","0","-13","0,0217,","14",",0,1129,","5.1",",0,0113,","1.76",",0,0630,","91","0,0808,+","7022",,"7022","0","31.44",",0","36.6",",0","47.4","0","56.6","0","38.2","0"
"USC00200230","ANN ARBOR U OF MICH, MI US","42.29806","-83.66388","247.8","1980","717",,"717","0","156","0","76","0",,,"12","0","5","0","144","0","67","0","136","0","5","0","-4","0,1225,",,,"7.0",",0,0308,","1.70",",0,0802,","93","0,0716,+","6706",,"6706","0","37.74",",0","41.3",",0","47.7","0","56.7","0","38.7","0"
"USC00200230","ANN ARBOR U OF MICH, MI US","42.29806","-83.66388","247.8","1981","618",,"618","0","158","0","71","0","64",,"13","0","6","0","136","0","52","0","127","0","4","0","-12","0,0104,","11",",0,0210,+","7.8",",0,0210,","1.77",",0,0904,","91","0,0709,+","6692",,"6692","0","36.09",",0","46.3",",0","48.4","0","57.4","0","39.3","0"
"USC00200230","ANN ARBOR U OF MICH, MI US","42.29806","-83.66388","247.8","1982","585",,"585","0","153","0","83","0","82",,"18","0","8","0","133","0","61","0","140","0","0","0","-15","0,0117,","19",",0,0205,","7.7",",0,0406,","2.91",",0,0629,","89","0,0717,","7127",,"7127","0","36.70",",0","61.2",",0","48.4","0","57.5","0","39.2","0"
"USC00200230","ANN ARBOR U OF MICH, MI US","42.29806","-83.66388","247.8","1983","889",,"889","0","145","0","78","0","38",,"11","0","7","0","133","0","48","0","129","0","18","0","-12","0,1223,","9",",0,1229,","8.0",",0,0321,","1.98",",0,0502,","94","0,0910,+","5969",,"5969","0","37.65",",0","49.6",",0","49.5","0","58.8","0","40.2","0"
"USC00200230","ANN ARBOR U OF MICH, MI US","42.29806","-83.66388","247.8","1984","741",,"741","0","155","0","75","0","62",,"11","0","7","0","134","0","47","0","131","0","12","0","-17","0,0121,","11",",0,0201,+","3.9",",0,1111,+","1.80",",0,1111,","95","0,0723,","6908",,"6908","0","30.55",",0","37.0",",0","49.2","0","58.8","0","39.6","0"
"USC00200230","ANN ARBOR U OF MICH, MI US","42.29806","-83.66388","247.8","1985","609",,"609","0","170","0","95","0","68",,"23","0","10","0","124","0","65","0","144","0","3","0","-16","0,0121,","13",",0,0216,+","5.0",",0,0304,","2.14",",0,1019,","92","0,0708,","6126",,"6126","0","43.19",",0","62.9",",0","48.7","0","57.9","0","39.5","0"
"USC00200230","ANN ARBOR U OF MICH, MI US","42.29806","-83.66388","247.8","1986","689",,"689","0","156","0","82","0","65",,"18","0","4","0","142","0","41","0","147","0","7","0","-6","0,0127,","9",",0,0217,+","3.7",",0,1120,","1.82",",0,0925,","92","0,0719,+","6381",,"6381","0","35.79",",0","50.9",",0","49.5","0","58.5","0","40.4","0"
"USC00200230","ANN ARBOR U OF MICH, MI US","42.29806","-83.66388","247.8","1987","978",,"978","0","151","0","78","0","59",,"20","0","3","0","132","0","32","0","145","0","29","0","-4","0,0125,","9",",0,0131,+","6.8",",0,0110,","2.87",",0,0822,","97","0,0720,","6012",,"6012","0","33.75",",0","58.2",",0","51.3","0","60.8","0","41.7","0"
"USC00200230","ANN ARBOR U OF MICH, MI US","42.29806","-83.66388","247.8","1988","982",,"982","0","159","0","79","0","64",,"17","0","10","0","139","0","48","0","141","0","40","0","-13","0,0214,","11",",0,0212,+","7.0",",0,0211,","2.58",",0,0717,","101","0,0625,","6444",,"6444","0","37.92",",0","54.7",",0","49.4","0","59.5","0","39.3","0"
"USC00200230","ANN ARBOR U OF MICH, MI US","42.29806","-83.66388","247.8","1989","609",,"609","0","158","0","85","0","59",,"17","0","8","0","150","0","58","0","142","0","2","0","-9","0,1222,","7",",0,1227,","4.0",",0,0106,","1.75",",0,0531,","91","0,0710,","6529",,"6529","0","36.15",",0","50.9",",0","47.8","0","57.3","0","38.3","0"
"USC00200230","ANN ARBOR U OF MICH, MI US","42.29806","-83.66388","247.8","1990","650",,"650","0","147","0","83","0","51",,"13","0","2","0","128","0","22","0","144","0","7","0","-1","0,0225,","8",",0,0224,","6.9",",0,0215,","3.60",",0,0819,","97","0,0704,","6414",,"6414","0","47.23",",0","50.8",",0","50.7","0","60.2","0","41.3","0"
"USC00200230","ANN ARBOR U OF MICH, MI US","42.29806","-83.66388","247.8","1991","978",,"978","0","152","0","81","0","46",,"15","0","2","0","124","0","44","0","153","0","18","0","0","0,0125,+","9",",0,0215,","5.8",",0,0214,","1.56",",0,0831,","95","0,0720,","5803",,"5803","0","32.87",",0","39.5",",0","51.3","0","60.8","0","41.8","0"
"USC00200230","ANN ARBOR U OF MICH, MI US","42.29806","-83.66388","247.8","1992","390",,"390","0","168","0","90","0","45",,"13","0","1","0","130","0","30","0","127","0","3","0","-1","0,0119,","11",",0,0117,","9.4",",0,0114,","1.63",",0,0618,","91","0,0810,+","6320",,"6320","0","39.07",",0","51.8",",0","48.3","0","57.1","0","39.5","0"
"USC00200230","ANN ARBOR U OF MICH, MI US","42.29806","-83.66388","247.8","1993","644",,"644","0","175","0","82","0","77",,"24","0","2","0","144","0","48","0","128","0","8","0","-3","0,0225,","9",",0,0223,","7.4",",0,0110,","1.44",",0,0104,","93","0,0827,","6575",,"6575","0","34.66",",0","73.5",",0","48.3","0","57.0","0","39.6","0"
"USC00200230","ANN ARBOR U OF MICH, MI US","42.29806","-83.66388","247.8","1994","682",,"682","0","146","0","67","0","68",,"18","0","12","0","127","0","45","0","140","0","8","0","-22","0,0119,","9",",0,0227,+","9.6",",0,1207,","1.39",",0,1001,","95","0,0616,","6957",,"6957","0","34.35",",0","61.3",",0","49.2","0","59.0","0","39.3","0"
"USC00200230","ANN ARBOR U OF MICH, MI US","42.29806","-83.66388","247.8","1995","869",,"869","0","158","0","74","0","78",,"17","0","4","0","142","0","61","0","144","0","15","0","-4","0,0205,","9",",0,0123,","5.6",",0,0121,","2.08",",0,0724,","98","0,0714,","6042",,"6042","0","34.84",",0","58.1",",0","49.0","0","58.3","0","39.7","0"
"USC00200230","ANN ARBOR U OF MICH, MI US","42.29806","-83.66388","247.8","1996","673",,"673","0","173","0","82","0","57",,"22","0","10","0","150","0","58","0","131","0","6","0","-10","0,0203,","6",",0,0320,","6.5",",0,0320,","1.90",",0,1107,","93","0,0807,","7096",,"7096","0","34.07",",0","60.4",",0","47.7","0","56.9","0","38.5","0"
"USC00200230","ANN ARBOR U OF MICH, MI US","42.29806","-83.66388","247.8","1997","522",,"522","0","184","0","90","0","57",,"23","0","4","0","134","0","43","0","121","0","7","0","-7","0,0119,","7",",0,1211,+","7.3",",0,1210,","2.01",",0,0726,","94","0,0714,","6699",,"6699","0","39.79",",0","65.4",",0","48.1","0","56.7","0","39.4","0"
"USC00200230","ANN ARBOR U OF MICH, MI US","42.29806","-83.66388","247.8","1998","932",,"932","0","135","0","78","0",,,"10","0","0","0","105","0","22","0","156","0","11","0","7","0,1230,+",,,"5.0",",0,0321,","4.54",",0,0806,","96","0,0721,","5770",,"5770","0","39.18",",0","26.6",",0","53.2","0","62.5","0","43.8","0"
"USC00200230","ANN ARBOR U OF MICH, MI US","42.29806","-83.66388","247.8","1999","851",,"851","0","139","0","74","0","51",,"20","0","5","0","124","0","37","0","157","0","17","0","-9","0,0105,","18",",0,0113,+","10.1",",0,0102,","2.12",",0,0929,","96","0,0730,","5731",,"5731","0","36.34",",0","75.7",",0","51.0","0","61.0","0","41.0","0"
"USC00200230","ANN ARBOR U OF MICH, MI US","42.29806","-83.66388","247.8","2000",,,,,"168","0","91","0","66",,"23","0","7","0","124","0",,,,,,,"-6","0,1222,","18",",0,1213,","7.0",",0,1212,","3.17",",0,0625,",,,"5736",,"5736","0","45.92",",0","77.0",",0",,,,,"40.2","0"
"USC00200230","ANN ARBOR U OF MICH, MI US","42.29806","-83.66388","247.8","2001","783",,"783","0","163","0","79","0","52",,"13","0","0","0","121","0","36","0","139","0","14","0","1","0,0102,","15",",0,0103,+","3.1",",0,0317,","2.23",",0,1016,","98","0,0808,",,,,,"38.38",",0","35.9",",0","51.0","0","60.1","0","41.9","0"
"USC00200230","ANN ARBOR U OF MICH, MI US","42.29806","-83.66388","247.8","2002","1014",,"1014","0","159","0","75","0","51",,"14","0","0","0","142","0","29","0","142","0","30","0","2","0,1203,","8",",0,0131,+","7.6",",0,0130,","1.57",",0,0131,","96","0,0703,","5740",,"5740","0","30.83",",0","59.7",",0","50.8","0","60.3","0","41.2","0"
"USC00200230","ANN ARBOR U OF MICH, MI US","42.29806","-83.66388","247.8","2003","579",,"579","0","174","0","86","0","63",,"23","0","3","0","137","0","57","0","144","0","5","0","-8","0,0303,","7",",0,0306,+","6.1",",0,0223,","1.54",",0,0922,","92","0,0821,","6698",,"6698","0","35.86",",0","57.7",",0","48.7","0","58.3","0","39.1","0"
"USC00200230","ANN ARBOR U OF MICH, MI US","42.29806","-83.66388","247.8","2004","612",,"612","0","170","0","87","0","72",,"19","0","6","0","122","0","47","0","155","0","3","0","-6","0,0125,","12",",0,0128,","7.4",",0,1223,","2.19",",0,0521,","91","0,0827,","6121",,"6121","0","35.19",",0","58.2",",0","49.8","0","59.1","0","40.5","0"
"USC00200230","ANN ARBOR U OF MICH, MI US","42.29806","-83.66388","247.8","2005","1017",,"1017","0","149","0","84","0","92",,"26","0","4","0","133","0","62","0","152","0","21","0","-3","0,0127,+","12",",0,0122,","9.3",",0,0122,","2.42",",0,0716,","95","0,0625,","6229",,"6229","0","35.37",",0","97.3",",0","50.5","0","59.9","0","41.1","0"
"USC00200230","ANN ARBOR U OF MICH, MI US","42.29806","-83.66388","247.8","2006","742",,"742","0","161","0","93","0","15",,"7","0","0","0","111","0","17","0","137","0","10","0","1","0,0218,","4",",0,0211,+","4.7",",0,0118,","2.39",",0,0913,","95","0,0801,+","5703",,"5703","0","47.56",",0","25.6",",0","51.6","0","60.5","0","42.7","0"
"USC00200230","ANN ARBOR U OF MICH, MI US","42.29806","-83.66388","247.8","2007","908",,"908","0","174","0","76","0","63",,"16","0","4","0","129","0","62","0","163","0","12","0","-6","0,0205,","10",",0,1216,","10.6",",0,1216,","1.68",",0,0820,","96","0,0708,","6014",,"6014","0","36.78",",0","58.5",",0","50.6","0","60.0","0","41.2","0"
"USC00200230","ANN ARBOR U OF MICH, MI US","42.29806","-83.66388","247.8","2008","691",,"691","0","183","0","98","0","81",,"30","0","3","0","139","0","56","0","145","0","7","0","-1","0,1222,+","10",",0,1223,+","11.4",",0,0101,","2.08",",0,0914,","93","0,0903,","6248",,"6248","0","41.73",",0","105.8",",0","49.1","0","58.4","0","39.7","0"
"USC00200230","ANN ARBOR U OF MICH, MI US","42.29806","-83.66388","247.8","2009","487",,"487","0","172","0","81","0","59",,"20","0","5","0","128","0","54","0","137","0","5","0","-10","0,0116,","12",",0,0130,+","6.6",",0,0110,","2.65",",0,0620,","93","0,0809,","6545",,"6545","0","41.30",",0","58.2",",0","48.8","0","58.0","0","39.6","0"
"USC00200230","ANN ARBOR U OF MICH, MI US","42.29806","-83.66388","247.8","2010","978",,"978","0","148","0","74","0","71",,"15","0","0","0","128","0","58","0","151","0","12","0","3","0,0103,","13",",0,0226,","9.6",",0,0222,","2.64",",0,0606,","94","0,0707,","5879",,"5879","0","38.91",",0","54.4",",0","51.3","0","60.6","0","42.1","0"
"USC00200230","ANN ARBOR U OF MICH, MI US","42.29806","-83.66388","247.8","2011","949",,"949","K","178","K","102","K",,,,,"2","K","129","K","47","K","137","K","26","K","-2","K,0211,",,,,,"2.79",",K,0525,","99","K,0721,","6486",,"6486","K","51.09",",K",,,"50.5","K","59.4","K","41.6","K"
"USC00200230","ANN ARBOR U OF MICH, MI US","42.29806","-83.66388","247.8","2012","1073",,"1073","7","149","7","72","7",,,,,"0","7","115","7","21","7","157","7","35","7","2","7,0120,",,,,,"0.98",",7,0809,","100","7,0717,+","5139",,"5139","7","27.02",",7",,,"53.4","7","63.4","7","43.4","7"
"USC00200230","ANN ARBOR U OF MICH, MI US","42.29806","-83.66388","247.8","2013","758",,"758","7","178","7","81","7",,,,,"1","7","143","7","50","7","146","7","9","7","-3","7,0122,",,,,,"1.83",",7,0627,","94","7,0910,+","6172",,"6172","7","39.45",",7",,,"49.2","7","58.1","7","40.4","7"
"USC00200230","ANN ARBOR U OF MICH, MI US","42.29806","-83.66388","247.8","2014","600",,"600","7","182","7","90","7",,,,,"14","7","137","7","66","7","141","7","1","7","-14","7,0107,",,,,,"1.60",",7,0512,","93","7,0905,","7091",,"7091","7","39.14",",7",,,"47.4","7","56.5","7","38.2","7"
"USC00200230","ANN ARBOR U OF MICH, MI US","42.29806","-83.66388","247.8","2015","747",,"747","7","169","7","74","7",,,,,"16","7","113","7","53","7","153","7","7","7","-15","7,0220,",,,,,"2.00",",7,0614,","91","7,0907,+","6741",,"6741","7","34.98",",7",,,"50.1","7","59.6","7","40.6","7"
"USC00200230","ANN ARBOR U OF MICH, MI US","42.29806","-83.66388","247.8","2016","1049",,"1049","7","165","7","85","7","54",,"20","7","1","7","121","7","38","7","155","7","22","7","-1","7,0214,","9",",7,1217,+","9.2",",7,1211,","2.51",",7,0816,","95","7,0723,","5393",,"5393","7","36.56",",7","64.7",",7","52.4","7","61.9","7","42.8","7"
"USC00200230","ANN ARBOR U OF MICH, MI US","42.29806","-83.66388","247.8","2017","714",,"714","7","181","7","90","7","42",,"18","7","4","7","114","7","38","7","155","7","11","7","-17","7,1228,","10",",7,1214,","4.3",",7,1225,","1.70",",7,1118,","92","7,0923,+","5342",,"5342","7","40.83",",7","60.5",",7","51.0","7","61.1","7","41.0","7"
"USC00200230","ANN ARBOR U OF MICH, MI US","42.29806","-83.66388","247.8","2018","849",,"849","7","181","7","94","7","53",,"24","7","9","7","158","7","38","7","149","7","19","7","-13","7,0107,","13",",7,0210,","7.0",",7,0209,","1.64",",7,0801,","95","7,0617,","6571",,"6571","7","42.21",",7","69.8",",7","49.2","7","59.0","7","39.3","7"
"USC00200230","ANN ARBOR U OF MICH, MI US","42.29806","-83.66388","247.8","2019","630",,"630","7","188","7","95","7","51",,"13","7","11","7","145","7","44","7","142","7","11","7","-18","7,0131,","10",",7,1112,","9.3",",7,1111,","1.75",",7,0610,","94","7,0720,","6670",,"6670","7","45.48",",7","59.5",",7","48.6","7","58.8","7","38.4","7"
"USW00094889","ANN ARBOR MUNICIPAL AIRPORT, MI US","42.22278","-83.74444","255.7","1999","541",,"541","W","131","W","57","W",,,,,"8","W","148","W","34","W","142","W","16","W","-14","W,0105,",,,,,"1.69",",W,0612,","94","W,0731,+",,,,,"27.86",",W",,,"48.3","W","59.9","W","36.6","W"
"USW00094889","ANN ARBOR MUNICIPAL AIRPORT, MI US","42.22278","-83.74444","255.7","2000","465",,"465","W","142","W","68","W",,,,,"25","W","144","W","56","W","136","W","0","W","-18","W,1225,",,,,,"1.78",",W,0420,","89","W,0815,+","6513",,"6513","W","31.01",",W",,,"47.3","W","58.0","W","36.7","W"
"USW00094889","ANN ARBOR MUNICIPAL AIRPORT, MI US","42.22278","-83.74444","255.7","2001","481",,"481","W","146","W","73","W",,,,,"4","W","144","W","39","W","127","W","9","W","-11","W,0102,",,,,,"1.41",",W,0919,","95","W,0807,","7013",,"7013","W","33.76",",W",,,"48.7","W","59.1","W","38.4","W"
"USW00094889","ANN ARBOR MUNICIPAL AIRPORT, MI US","42.22278","-83.74444","255.7","2002","690",,"690","W","136","W","52","W",,,,,"3","W","164","W","34","W","134","W","24","W","-8","W,1204,",,,,,"1.91",",W,0722,","96","W,0703,+","6244",,"6244","W","26.44",",W",,,"48.3","W","59.2","W","37.4","W"
"USW00094889","ANN ARBOR MUNICIPAL AIRPORT, MI US","42.22278","-83.74444","255.7","2003",,,,,"139","W","62","W",,,,,,,,,,,,,,,,,,,,,"1.82",",W,0721,",,,"7293",,"7293",,"32.26",",W",,,,,,,,
"USW00094889","ANN ARBOR MUNICIPAL AIRPORT, MI US","42.22278","-83.74444","255.7","2004",,,,,"159","W","68","W",,,,,,,,,,,,,,,,,,,,,"1.44",",W,0521,",,,,,,,"27.02",",W",,,,,,,,
"USW00094889","ANN ARBOR MUNICIPAL AIRPORT, MI US","42.22278","-83.74444","255.7","2005","608",,"608","B","138","B","65","B",,,,,"12","B","155","B","64","B","141","B","9","B","-16","B,0124,",,,,,"1.94",",B,1115,","93","B,0625,","7054",,"7054","B","26.69",",B",,,"47.1","B","58.0","B","36.3","B"
"USW00094889","ANN ARBOR MUNICIPAL AIRPORT, MI US","42.22278","-83.74444","255.7","2006","447",,"447","W","156","W","74","W",,,,,"1","W","142","W","25","W","129","W","7","W","-1","W,0212,",,,,,"1.81",",W,0621,","93","W,0801,+","6236",,"6236","W","35.29",",W",,,"48.9","W","59.1","W","38.6","W"
"USW00094889","ANN ARBOR MUNICIPAL AIRPORT, MI US","42.22278","-83.74444","255.7","2007","570",,"570","W","140","W","54","W",,,,,"8","W","148","W","60","W","152","W","13","W","-12","W,0205,",,,,,"1.24",",W,0820,","96","W,0708,","6672",,"6672","W","25.18",",W",,,"48.0","W","58.9","W","37.0","W"
"USW00094889","ANN ARBOR MUNICIPAL AIRPORT, MI US","42.22278","-83.74444","255.7","2008","444",,"444","W","161","W","77","W",,,,,"4","W","153","W","52","W","145","W","8","W","-13","W,0103,",,,,,"2.28",",W,0913,","93","W,0903,+","6796",,"6796","W","30.32",",W",,,"46.9","W","58.0","W","35.8","W"
"USW00094889","ANN ARBOR MUNICIPAL AIRPORT, MI US","42.22278","-83.74444","255.7","2009","326",,"326","W","161","W","65","W",,,,,"15","W","149","W","59","W","128","W","4","W","-19","W,0205,",,,,,"1.18",",W,0619,","94","W,0809,","7102",,"7102","W","30.26",",W",,,"46.7","W","57.8","W","35.5","W"
"USW00094889","ANN ARBOR MUNICIPAL AIRPORT, MI US","42.22278","-83.74444","255.7","2010","684",,"684","W","115","W","58","W",,,,,"3","W","153","W","65","W","147","W","12","W","-9","W,0110,",,,,,"1.63",",W,0531,","93","W,0724,+","6393",,"6393","W","29.67",",W",,,"49.3","W","59.8","W","38.7","W"
"USW00094889","ANN ARBOR MUNICIPAL AIRPORT, MI US","42.22278","-83.74444","255.7","2011","671",,"671","W","147","W","78","W",,,,,"11","W","144","W","51","W","131","W","18","W","-14","W,0211,",,,,,"4.00",",W,0727,","101","W,0721,","7055",,"7055","W","42.91",",W",,,"48.3","W","58.6","W","38.0","W"
"USW00094889","ANN ARBOR MUNICIPAL AIRPORT, MI US","42.22278","-83.74444","255.7","2012","711",,"711","W",,,,,,,,,"1","W","131","W","19","W","152","W","36","W","-2","W,0120,",,,,,,,"102","W,0717,+","5588",,"5588","W",,,,,"51.0","W","62.9","W","39.0","W"
"USW00094889","ANN ARBOR MUNICIPAL AIRPORT, MI US","42.22278","-83.74444","255.7","2013","554",,"554","W","137","W","75","W",,,,,"5","W","157","W","54","W","144","W","8","W","-9","W,1216,",,,,,"1.76",",W,0628,","93","W,0910,+","6658",,"6658","W","33.63",",W",,,"47.2","W","57.9","W","36.6","W"
"USW00094889","ANN ARBOR MUNICIPAL AIRPORT, MI US","42.22278","-83.74444","255.7","2014","379",,"379","W","131","W","60","W",,,,,"33","W","154","W","71","W","133","W","3","W","-20","W,0212,",,,,,"1.03",",W,0811,","90","W,0826,+","7819",,"7819","W","21.61",",W",,,"44.8","W","55.8","W","33.7","W"
"USW00094889","ANN ARBOR MUNICIPAL AIRPORT, MI US","42.22278","-83.74444","255.7","2015","474",,"474","W","123","W","59","W",,,,,"24","W","141","W","54","W","149","W","4","W","-30","W,0220,",,,,,"1.41",",W,0530,","91","W,0907,+","7336",,"7336","W","25.40",",W",,,"47.5","W","58.9","W","36.1","W"
"USW00094889","ANN ARBOR MUNICIPAL AIRPORT, MI US","42.22278","-83.74444","255.7","2016","667",,"667","W","109","W","53","W",,,,,"4","W","149","W","42","W","149","W","18","W","-12","W,1219,",,,,,"1.68",",W,0929,","95","W,0723,","5919",,"5919","W","28.52",",W",,,"49.6","W","60.8","W","38.4","W"
"USW00094889","ANN ARBOR MUNICIPAL AIRPORT, MI US","42.22278","-83.74444","255.7","2017","480",,"480","W","124","W","73","W",,,,,"9","W","129","W","42","W","148","W","9","W","-20","W,1228,",,,,,"1.54",",W,1118,","93","W,0926,","5952",,"5952","W","30.44",",W",,,"49.1","W","60.2","W","38.0","W"
"USW00094889","ANN ARBOR MUNICIPAL AIRPORT, MI US","42.22278","-83.74444","255.7","2018","717",,"717","W",,,,,,,,,"10","W","165","W","36","W","146","W","14","W","-17","W,0106,",,,,,,,"93","W,0715,+","6760",,"6760","W",,,,,"48.2","W","58.5","W","38.0","W"
"USW00094889","ANN ARBOR MUNICIPAL AIRPORT, MI US","42.22278","-83.74444","255.7","2019","537",,"537","W","123","W","59","W",,,,,"13","W","151","W","43","W","134","W","8","W","-20","W,0131,",,,,,"1.30",",W,0716,","94","W,0720,","6964",,"6964","W","28.21",",W",,,"47.7","W","58.2","W","37.2","W"
